paper_id,title,agree
163,contrasting distribution patterns of invasive and naturalized non-native species along environmental gradients in a semi-arid montane ecosystem,no
209,invasive pathogens at alpine treeline: consequences for treeline dynamics,no
282,characterizing the thermal suitability of instream habitat for salmonids: a cautionary example from the rocky mountains,no
285,"glacier change of the columbia icefield, canadian rocky mountains, 1919-2009",no
288,"climatic, landform, microtopographic, and overstory canopy controls of tree invasion in a subalpine meadow landscape, oregon cascades, usa",no
289,"perspectives on climate change, mountain hydrology, and water resources in the oregon cascades, usa",no
290,modeling interannual variability in snow-cover development and melt for a semiarid mountain catchment,no
292,"estimates of future flow, including extremes, of the columbia river headwaters",no
293,changes in spring snowpack for selected basins in the united states for different climate-change scenarios,no
294,"climate determines upper, but not lower, altitudinal range limits of pacific northwest conifers",no
295,"influences of the biophysical environment on blister rust and mountain pine beetle, and their interactions, in whitebark pine forests",no
296,modeling the effects of developmental variation on insect phenology,no
297,effects of climate change and wildfire on stream temperatures and salmonid thermal habitat in a mountain river network,no
298,on glacier retreat and drought cycles in the rocky mountains of montana and canada,no
299,optimized flood control in the columbia river basin for a global warming scenario,no
300,modeling tamarisk (tamarix spp.) habitat and climate change effects in the northwestern united states,no
311,"carbon implications of current and future effects of drought, fire and management on pacific northwest forests",no
313,sensitivity of soil water availability to changing snowmelt timing in the western us,no
319,"a spatiotemporal pattern analysis of historical mountain pine beetle outbreaks in british columbia, canada",no
328,"glacier meltwater contributions and glaciometeorological regime of the illecillewaet river basin, british columbia, canada",no
335,continued warming could transform greater yellowstone fire regimes by mid-21st century,no
336,the unusual nature of recent snowpack declines in the north american cordillera,no
338,a process-based approach to estimate lodgepole pine (pinus contorta dougl.) distribution in the pacific northwest under climate change,no
339,observations and modeling of aboveground tree carbon stocks and fluxes following a bark beetle outbreak in the western united states,no
340,"groundwater level responses in temperate mountainous terrain: regime classification, and linkages to climate and streamflow",no
344,a new look at snowpack trends in the cascade mountains,no
345,"relationship between fire, climate oscillations, and drought in british columbia, canada, 1920-2000",no
346,spatial patterns of glaciers in response to spatial patterns in regional climate,no
349,a mechanistic assessment of nutrient flushing at the catchment scale,no
352,a method for estimating vulnerability of douglas-fir growth to climate change in the northwestern us,no
356,belowground carbon pools and processes in different age stands of douglas-fir,no
361,the economic impact of the mountain pine beetle infestation in british columbia: provincial estimates from a cge analysis,no
365,multi-scale environmental filters and niche partitioning govern the distributions of riparian vegetation guilds,no
367,"adapting transportation to climate change on federal lands in washington state, usa",no
368,elevation-dependent responses of streamflow to climate warming,no
379,"impacts of dams on flow regimes in three headwater subbasins of the columbia river basin, united states",no
380,"factors influencing legacy pollutant accumulation in alpine osprey: biology, topography, or melting glaciers?",no
382,modeling lodgepole and jack pine vulnerability to mountain pine beetle expansion into the western canadian boreal forest,no
383,a grid-based approach for simulating stream temperature,no
384,survival and population size of a resident bird species are declining as temperature increases,no
385,climate change could alter the distribution of mountain pine beetle outbreaks in western canada,no
386,enhanced sediment delivery in a changing climate in semi-arid mountain basins: implications for water resource management and aquatic habitat in the northern rocky mountains,no
389,deep groundwater mediates streamflow response to climate warming in the oregon cascades,no
393,development of scale-free climate data for western canada for use in resource management,no
394,downscaling simulations of future global climate with application to hydrologic modelling,no
396,mid-century ensemble regional climate change scenarios for the western united states,no
397,climate change and the outbreak ranges of two north american bark beetles,no
398,"assessment of climate change and freshwater ecosystems of the rocky mountains, usa and canada",no
400,scientific knowledge and knowledge needs in climate adaptation policy,no
402,"longitudinal changes in stream invertebrate assemblages of grand teton national park, wyoming",no
403,"low genetic diversity, restricted dispersal, and elevation-specific patterns of population decline in american pikas in an atypical environment",no
405,"complex challenges of maintaining whitebark pine in greater yellowstone under climate change: a call for innovative research, management, and policy approaches",no
407,"get real: climate change and all that ""it' entails",no
412,a model for mountain pine beetle outbreaks in an age-structured forest: predicting severity and outbreak-recovery cycle period,no
414,life-stage-specific physiology defines invasion extent of a riverine fish,no
417,"extinction debt in naturally contracting mountain meadows in the pacific northwest, usa: varying responses of plants and feeding guilds of nocturnal moths",no
420,"the importance of seasonal temperature and moisture patterns on growth of douglas-fir in western oregon, usa",no
422,changes in blister rust infection and mortality in whitebark pine over time,no
427,lapse rate adjustments of gridded surface temperature normals in an area of complex terrain: atmospheric reanalysis versus statistical up-sampling,no
428,population fragmentation and inter-ecosystem movements of grizzly bears in western canada and the northern united states,no
438,mycorrhizal networks and complex systems: contributions of soil ecology science to managing climate change effects in forested ecosystems,no
441,decision support for evaluating landscape departure and prioritizing forest management activities in a changing environment,no
442,us forest service bark beetle research in the western united states: looking toward the future,no
446,variation in the relationship between snowmelt runoff in oregon and enso and pdo,no
447,effects of climate change on range expansion by the mountain pine beetle in british columbia,no
448,trends in temperature and precipitation in the pacific northwest during the twentieth century,no
449,soil-surface carbon dioxide efflux and microbial biomass in relation to tree density 13 years after a stand replacing fire in a lodgepole pine ecosystem,no
451,transferring soils from high- to low-elevation forests increases nitrogen cycling rates: climate change implications,no
456,"potential near-future carbon uptake overcomes losses from a large insect outbreak in british columbia, canada",no
461,a forest vulnerability index based on drought and high temperatures,no
463,effects of increased soil water availability on grassland ecosystem carbon dioxide fluxes.,no
465,weak effect of climate variability on coexistence in a sagebrush steppe community.,no
466,"climatic and biophysical controls on conifer species distributions in mountain forests of washington state, usa.",no
469,impacts of postdam land use/land cover changes on modification of extreme precipitation in contrasting hydroclimate and terrain features,no
475,"catchment-scale modeling of nitrogen dynamics in a temperate forested watershed, oregon. an interdisciplinary communication strategy",no
476,modis terra collection 6 fractional snow cover validation in mountainous terrain during spring snowmelt using landsat tm and etm+,no
485,"genetic responses to climate in <i xmlns=""http://www.w3.org/1999/xhtml"">pinus contorta</i>: niche breadth, climate change, and reforestation.",no
492,a two-parameter climate elasticity of streamflow index to assess climate change effects on annual streamflow.,no
494,"diversity of vascular plant species in the montane boreal forest of western canada in response to climatic changes during the last 25 ka, fire, and land use.",no
495,regional analysis of the impacts of climate change on cheatgrass invasion shows potential risk and opportunity.,no
497,local-scale validation of the surface observation gridding system with weather observations in a semi-arid environment.,no
498,"modeling amphibian energetics, habitat suitability, and movements of western
toads, anaxyrus (=bufo) boreas, across present and future landscapes",no
499,comparison of growth and stress in resident redband trout held in laboratory simulations of montane and desert summer temperature cycles.,no
508,modelling climate change impacts on spring runoff for the rocky mountains of montana and alberta ii: runoff change projections using future scenarios.,no
509,"periglacial debris-flow initiation and susceptibility and glacier recession from imagery, airborne lidar, and ground-based mapping.",no
511,downscaling extremes - an intercomparison of multiple statistical methods for present climate.,no
513,"estimates of carbon stored in harvested wood products from the united states forest service northern region, 1906-2010.",no
516,spatial heterogeneity in ecologically important climate variables at coarse and fine scales in a high-snow mountain landscape.,no
517,stream isotherm shifts from climate change and implications for distributions of ectothermic organisms.,no
521,using climate-fvs to project landscape-level forest carbon stores for 100 years from field and lidar measures of initial conditions.,no
522,validation and sensitivity test of the distributed hydrology soil-vegetation model (dhsvm) in a forested mountain watershed.,no
524,patterns and variability of projected bioclimatic habitat for pinus albicaulis in the greater yellowstone area,no
527,"hydrologic modeling using elevationally adjusted narr and narccap regional climate-model simulations: tucannon river, washington.",no
528,"modeling ecohydrological impacts of land management and water use in the silver creek basin, idaho.",no
532,climate trends but little net water supply shift in one of canada's most water-stressed regions over the last century.,no
533,climate change adaptation and restoration of western trout streams: opportunities and strategies.,no
534,using custom scientific workflow software and gis to inform protected area climate adaptation planning in the greater yellowstone ecosystem.,no
539,"adapting transportation to climate change on federal lands in washington state, u.s.a.",no
542,forest managers' response to climate change science: evaluating the constructs of boundary objects and organizations.,no
546,surface water input from snowmelt and rain throughfall in western juniper: potential impacts of climate change and shifts in semi-arid vegetation.,no
549,regeneration of montane forests 24 years after the 1988 yellowstone fires: a fire-catalyzed shift in lower treelines?,no
554,human-induced modifications to land surface fluxes and their implications on water management under past and future climate change conditions.,no
555,"annual and decadal climate forcing of historical fire regimes in the interior pacific northwest, usa",no
556,hydroclimate of the western united states based on observations and regional climate simulation of 1981-2000. part ii: mesoscale enso anomalies,no
557,statistical precipitation downscaling over the northwestern united states using numerically simulated precipitation as a predictor,no
564,"the effect of observation time and sampling frequency on mean daily maximum, minimum and average temperature.",no
566,transferring soils from high- to low-elevation forests increases nitrogen cycling rates: climate change implications.,no
567,potential climate change impacts on mountain watersheds in the pacific northwest.,no
568,the effect of climate change on floods in british columbia.,no
570,"are climate-tree growth relationships changing in north-central idaho, u.s.a.?",no
571,a comparison of delta change and downscaled gcm scenarios for three mountainous basins in the united states.,no
575,"modelling conifer species distributions in mountain forests of washington state, usa.",no
576,"carbon storage in subalpine tree island, north cascade range, washington.",no
578,"rocky mountain ecosystems: diversity, complexity and interactions.",no
582,a bird's eye view of small tenure holdings in british columbia.,no
586,has spring snowpack declined in the washington cascades?,no
591,controls on the temporal and spatial variability of soil moisture in a mountainous landscape: the signature of snow and complex terrain.,no
595,decline of planted lodgepole pine in the southern interior of british columbia.,no
600,standardized occupancy maps for selected wildlife in central british columbia.,no
602,climate change and western public lands: a survey of u.s. federal land managers on the status of adaptation efforts.,no
603,"sensitivity of berry productivity to climatic variation in the cabinet-yaak grizzly bear recovery zone, northwest united states, 1989-2010.",no
604,wood microsites at timberline-alpine meadow borders: implications for conifer seedling regeneration and alpine meadow conifer invasion.,no
605,biodiversity indicators show climate change will alter vegetation in parks and protected areas.,no
607,climate change opportunities for idaho's irrigation supply and deliveries.,no
608,climate change and stream temperature projections in the columbia river basin: habitat implications of spatial variation in hydrologic drivers.,no
609,climate-moderated responses to wildfire by macroinvertebrates and basal food resources in montane wilderness streams.,no
610,genetic diversity is related to climatic variation and vulnerability in threatened bull trout.,no
611,floodplain forest succession reveals fluvial processes: a hydrogeomorphic model for temperate riparian woodlands.,no
614,the cold-water climate shield: delineating refugia for preserving salmonid fishes through the 21st century.,no
615,"non-stationary temporal response of mountain hemlock growth to climatic variability in the north cascade range, washington, usa.",no
616,assessing the impacts of projected climate change on biodiversity in the protected areas of western north america.,no
620,the natural history of the south hills crossbill in relation to its impending extinction.,no
622,impacts of projected climate changes on streamflow and sediment transport for three snowmelt-dominated rivers in the interior pacific northwest.,no
623,high and dry: post-fire tree seedling establishment in subalpine forests decreases with post-fire drought and large stand-replacing burn patches.,no
631,effect of climate change on hydrologic regime of two climatically different watersheds,no
636,growth responses of subalpine fir to climatic variability in the pacific northwest.,no
637,trends in temperature and precipitation in the pacific northwest during the twentieth century,no
645,"water, adaptation, and property rights on the snake and klamath rivers.",no
646,climate change implications for wind power resources in the northwest united states.,no
649,the relative impact of harvest and fire upon landscape-level dynamics of older forests: lessons from the northwest forest plan.,no
650,detection and attribution of streamflow timing changes to climate change in the western united states.,no
651,"the coastal-disjunct mesic flora in the inland pacific northwest of usa and canada: refugia, dispersal and disequilibrium.",no
654,climate-streamflow linkages in the north-central rocky mountains: implications for a changing climate.,no
657,distribution of american pikas in a low-elevation lava landscape: conservation implications from the range periphery.,no
658,ecological impacts and management strategies for western larch in the face of climate-change,no
667,the adaptation for conservation targets (act) framework: a tool for incorporating climate change into natural resource management.,no
669,"climate and glacier mass balance trends from ad 1780 to present in the columbia mountains, british columbia, canada.",no
671,a system dynamics model for conjunctive management of water resources in the snake river basin.,no
675,climate-induced shift in hydrological regime alters basal resource dynamics in a wilderness river ecosystem.,no
677,an innovative aerial assessment of greater yellowstone ecosystem mountain pine beetle-caused whitebark pine mortality.,no
683,drought-triggered western spruce budworm outbreaks in the interior pacific northwest: a multi-century dendrochronological record.,no
686,a simple framework for assessing the sensitivity of mountain watersheds to warming-driven snowpack loss.,no
689,climate contributors to forest mosaics: ecological persistence following wildfire.,no
692,"application of a hybrid forest growth model to evaluate climate change impacts on productivity, nutrient cycling and mortality in a montane forest ecosystem.",no
698,adaptation of lodgepole pine and interior spruce to climate: implications for reforestation in a warming world.,no
699,"community structure, biodiversity, and ecosystem services in treeline whitebark pine communities: potential impacts from a non-native pathogen.",no
701,seedling regeneration in the alpine treeline ecotone: comparison of wood microsites and adjacent soil substrates.,no
705,montane meadows as indicators of environmental change.,no
707,taking the pulse of mountains: ecosystem responses to climatic variability.,no
710,"long-term interactions of climate, productivity, species richness, and growth form in relictual sagebrush steppe plant communities.",no
714,"multi-season climate synchronized forest fires throughout the 20th century, northern rockies, usa.",no
716,whitebark pine vulnerability to climate-driven mountain pine beetle disturbance in the greater yellowstone ecosystem.,no
717,selection of spatial-temporal lattice models: assessing the impact of climate conditions on a mountain pine beetle outbreak.,no
718,"fuel treatment impacts on estimated wildfire carbon loss from forests in montana, oregon, california, and arizona.",no
719,gradient-based habitat affinities predict species vulnerability to drought.,no
722,why land planners and water managers don't talk to one another and why they should!,no
727,strong selection genome-wide enhances fitness trade-offs across environments and episodes of selection.,no
732,"changes in glacier and alpine runoff in the north cascade range, washington, usa 1985-1993.",no
733,future climate in the yellowstone national park region and its potential impact on vegetation.,no
737,physiology on a landscape scale: plant-animal interactions.,no
739,quantifying relationships between bird and butterfly community shifts and environmental change.,no
740,carbon storage on landscapes with stand-replacing fires.,no
741,hydrologic regime and herbivory stabilize an alternative state in yellowstone national park.,no
742,recent changes in glacier area and volume within the southern canadian cordillera.,no
746,declining summer flows of rocky mountain rivers: changing seasonal hydrology and probable impacts on floodplain forests.,no
749,"postfire changes in forest carbon storage over a 300-year chronosequence of <i xmlns=""http://www.w3.org/1999/xhtml"">pinus contorta</i>-dominated forests.",no
759,sensitivity of juvenile salmonid growth to future climate trends,no
764,"discontinuous headwater stream networks with stable flowheads, salmon river basin, idaho",no
778,impacts of projected climate changes on streamflow and sediment transport for three snowmelt-dominated rivers in the interior pacific northwest,no
780,a columbia river basalt group aquifer in sustained drought: insight from geophysical methods,no
782,estimation of columbia river virgin flow: 1879 to 1928,no
785,using wavelet analysis to detect changes in water temperature regimes at multiple scales: effects of multi-purpose dams in the willamette river basin,no
786,"���it's so different today���: climate change and indigenous lifeways in british columbia, canada",no
787,accounting for downscaling and model uncertainty in fine-resolution seasonal climate projections over the columbia river basin,no
788,are human values and community participation key to climate adaptation? the case of community forest organisations in british columbia,no
791,climate change impacts on western pacific northwest prairies and savannas,no
800,simulating columbia river flows with data from regional-scale climate models,no
807,"impact of climate change on north cascade alpine glaciers, and alpine runoff",no
814,a two-stage information-theoretic approach to modeling landscape-level attributes and maximum recruitment of chinook salmon in the columbia river basin,no
815,"assessing climate-change risks to cultural and natural resources in the yakima river basin, washington, usa",no
170,diversifying managed forests to increase resilience,yes
226,"summer stream temperatures influence sculpin distributions and spatial partitioning in the upper clark fork river basin, montana",yes
283,potential effects of climate change on streambed scour and risks to salmonid survival in snow-dominated mountain basins,yes
284,oregon hydrologic landscapes: a classification framework,yes
286,climate and streamflow trends in the columbia river basin: evidence for ecological and engineering resilience to climate change,yes
287,landscape-scale analysis of aboveground tree carbon stocks affected by mountain pine beetles in idaho,yes
291,small soil storage capacity limits benefit of winter snowpack to upland vegetation,yes
301,mountain pine beetle and forest carbon feedback to climate change,yes
302,anticipated climate warming effects on bull trout habitats and populations across the interior columbia river basin,yes
304,mountain hydrology of the western united states,yes
307,flow regime alterations under changing climate in two river basins: implications for freshwater ecosystems,yes
308,declining mountain snowpack in western north america,yes
309,fire-induced erosion and millennialscale climate change in northern ponderosa pine forests,yes
310,characteristics of the western united states snowpack from snowpack telemetry (snotel) data,yes
312,projected future vegetation changes for the northwest united states and southwest canada at a fine spatial resolution using a dynamic global vegetation model,yes
314,snow cover variability in a forest ecotone of the oregon cascades via modis terra products,yes
315,"epiphytic macrolichen indication of air quality and climate in interior forested mountains of the pacific northwest, usa",yes
317,mountain landscapes offer few opportunities for high-elevation tree species migration,yes
318,how will orographic precipitation respond to surface warming? an idealized thermodynamic perspective,yes
321,bull trout trends in abundance and probabilities of persistence in idaho,yes
324,population connectivity and genetic diversity of american marten (martes americana) in the united states northern rocky mountains in a climate change context,yes
325,"the relative influence of temperature, moisture and their interaction on range limits of mammals over the past century",yes
327,spatial and temporal change in the hydro-climatology of the canadian portion of the columbia river basin under multiple emissions scenarios,yes
329,controls of summer stream temperature in the pacific northwest,yes
331,reconstructing historical snow depth surfaces to evaluate changes in critical demographic rates and habitat components of snow-dependent and snow-restricted species,yes
332,climate change refugia for biodiversity in the klamath-siskiyou ecoregion,yes
333,"modeling effects of climate change and fire management on western white pine (pinus monticola) in the northern rocky mountains, usa",yes
334,twenty years after the 1988 yellowstone fires: lessons about disturbance and ecosystems,yes
337,interspecies synchrony in salmonid densities associated with large-scale bioclimatic conditions in central idaho,yes
341,local atmospheric decoupling in complex topography alters climate change impacts,yes
342,"forest ecosystems, disturbance, and climatic change in washington state, usa",yes
343,surface temperature lapse rates over complex terrain: lessons from the cascade mountains,yes
347,"distribution, rarity and habitats of three aquatic lichens on federal land in the us pacific northwest",yes
351,a comparison of snotel and ghcn/cru surface temperatures with free-air temperatures at high elevations in the western united states: data compatibility and trends,yes
353,columbia river flow and drought since 1750,yes
354,vegetation sensitivity to global anthropogenic carbon dioxide emissions in a topographically complex region,yes
355,the role of climate and vegetation change in shaping past and future fire regimes in the northwestern us and the implications for ecosystem management,yes
357,ecosystem dynamics and disturbance in mountain wildernesses: assessing vulnerability of natural resources to change,yes
362,applying resilience concepts in forest management: a retrospective simulation approach,yes
363,rethinking the longitudinal stream temperature paradigm: region-wide comparison of thermal infrared imagery reveals unexpected complexity of river temperatures,yes
364,production and nutrient content of two shrub species related to fire in central idaho,yes
371,validation and sensitivity test of the distributed hydrology soil-vegetation model (dhsvm) in a forested mountain watershed,yes
372,sensitivity of snowpack storage to precipitation andtemperature using spatial and temporal analog models,yes
374,early indicators of change: divergent climate envelopes between tree life stages imply range shifts in the western united states,yes
375,a 100-year conservation experiment: impacts on forest carbon stocks and fluxes,yes
376,"tree growth and climate in the pacific northwest, north america: a broad-scale analysis of changing growth environments",yes
378,characterizing the physical and genetic structure of the lodgepole pine jack pine hybrid zone: mosaic structure and differential introgression,yes
381,modelling the ecosystem indicators of british columbia using earth observation data and terrain indices,yes
387,simulations show decreasing carbon stocks and potential for carbon emissions in rocky mountain forests over the next century,yes
390,spatial patterns of forest characteristics in the western united states derived from inventories,yes
391,"significance of trends toward earlier snowmelt runoff, columbia and missouri basin headwaters, western united states",yes
392,the structure of genetic diversity in engelmann spruce and a comparison with blue spruce,yes
395,genetic consequences of forest population dynamics influenced by historic climatic variability in the western usa,yes
399,snowmelt rate dictates streamflow,yes
401,recent bark beetle outbreaks have little impact on streamflow in the western united states,yes
404,climate change vulnerabilities and adaptation options for forest vegetation management in the northwestern usa,yes
406,assessing differences in snowmelt-dependent hydrologic projections using cmip3 and cmip5 climate forcing data for the western united states,yes
406,assessing differences in snowmelt-dependent hydrologic projections using cmip3 and cmip5 climate forcing data for the western united states.,yes
408,projected major fire and vegetation changes in the pacific northwest of the conterminous united states under selected cmip5 climate futures,yes
409,snowpack sensitivity to perturbed climate in a cool mid-latitude mountain catchment,yes
410,"complex history of isolation and gene flow in hoary, olympic, and endangered vancouver island marmots",yes
411,forest structure and species traits mediate projected recruitment declines in western us tree species,yes
413,indicators of climate change in idaho: an assessment framework for coupling biophysical change and social perception,yes
415,niche divergence of abies grandis-abies concolor hybrids,yes
416,"hydrologic modeling using elevationally adjusted narr and narccap regional climate-model simulations: tucannon river, washington",yes
419,"forest as hazard, forest as victim: community perspectives and disaster mitigation in the aftermath of kelowna's 2003 wildfires",yes
421,glacier variability in the conterminous united states during the twentieth century,yes
423,hydrogeomorphic classification of washington state rivers to support emerging environmental flow management strategies,yes
424,frog population viability under present and future climate conditions: a bayesian state-space approach,yes
425,evaluating the sufficiency of protected lands for maintaining wildlife population connectivity in the u.s. northern rocky mountains,yes
426,evolving while invading: rapid adaptive evolution in juvenile development time for a biological control organism colonizing a high-elevation environment,yes
429,the influence of surface versus free-air decoupling on temperature trend patterns in the western united states,yes
430,conservation of caribou (rangifer tarandus) in canada: an uncertain future,yes
431,mountain pine beetle host-range expansion threatens the boreal forest,yes
432,"empirical modeling of spatial and temporal variation in warm season nocturnal air temperatures in two north idaho mountain ranges, usa",yes
434,climate change and bark beetles of the western united states and canada: direct and indirect effects,yes
435,decreased winter severity increases viability of a montane frog population,yes
436,downscaling hydroclimatic changes over the western us based on cam subgrid scheme and wrf regional climate simulations,yes
437,analysis of potential impacts of climate change on forests of the united states pacific northwest,yes
439,precipitation and temperature estimation error at alpine treeline ecotones using the mountain climate simulator model (mt-clim),yes
440,synthesis of sediment yields after wildland fire in different rainfall regimes in the western united states,yes
443,douglas-fir growth in mountain ecosystems: water limits tree growth from stand to region,yes
444,"past, present, and future old growth in frequent-fire conifer forests of the western united states",yes
445,empirical analyses of plant-climate relationships for the western united states,yes
450,impacts of increased atmospheric co2 on the hydroclimate of the western united states,yes
453,"aftermath of mountain pine beetle outbreak in british columbia: stand dynamics, management response and ecosystem resilience",yes
454,influences of vegetation disturbance on hydrogeomorphic response following wildfire,yes
457,detectability of change in winter precipitation within mountain landscapes: spatial patterns and uncertainty,yes
458,facing a changing world: thermal physiology of american pikas (ochotona princeps),yes
459,fire and flood expand the floodplain shifting habitat mosaic concept,yes
460,shifting ecological filters mediate postfire expansion of seedling aspen (populus tremuloides) in yellowstone,yes
462,spatial variation of snowmelt and sublimation in a high-elevation semi-desert basin of western canada.,yes
464,"effects of co<sub xmlns=""http://www.w3.org/1999/xhtml"">2</sub>-induced climatic changes on snowpack and streamflow.",yes
467,examining the relationship between drought indices and groundwater levels,yes
471,"alpine glaciers and permanent ice and snow patches in western canada approach their smallest sizes since the mid-holocene, consistent with global trends",yes
473,tracking interannual streamflow variability with drought indices in the u.s. pacific northwest,yes
474,extent of the rain-snow transition zone in the western u.s. under historic and projected climate,yes
477,recent declines in western u.s. snowpack in the context of twentieth-century climate variability,yes
478,visualizing spatial heterogeneity of western u.s. climate variability,yes
479,ecoregion and land-use influence invertebrate and detritus transport from headwater streams,yes
481,statistical comparisons of watershed-scale response to climate change in selected basins across the united states,yes
482,regional approach for mapping climatological snow water equivalent over the mountainous regions of the western united states,yes
484,summertime climate response to mountain pine beetle disturbance in british columbia,yes
486,interannual variations in snowpack in the crown of the continent ecosystem.,yes
488,flood quantiles in a changing climate: seasonal forecasts and causal relations.,yes
489,"assessing the past and future distribution and productivity of ponderosa pine in the pacific northwest using a process model, 3-pg.",yes
493,combined effects of the southern oscillation index and the pacific decadal oscillation on a stochastic daily precipitation model.,yes
500,"forest ecosystems, disturbance, and climatic change in washington state, usa.",yes
501,"long-term snow, climate, and streamflow trends at the reynolds creek experimental watershed, owyhee mountains, idaho, united states.",yes
502,current health issues and management strategies for white pines in the western united states and canada.,yes
503,shifts in western north american snowmelt runoff regimes for the recent warm decades.,yes
504,climate influences the demography of three dominant sagebrush steppe plants.,yes
505,sensitivity of the north american monsoon to antecedent rocky mountain snowpack.,yes
506,"transition from sagebrush steppe to annual grass (<i xmlns=""http://www.w3.org/1999/xhtml"">bromus tectorum</i>): influence on belowground carbon and nitrogen.",yes
510,"assessing streamflow sensitivity to temperature increases in the salmon river basin, idaho.",yes
512,height-growth response to climatic changes differs among populations of douglas-fir: a novel analysis of historic data.,yes
515,future u.s. wildfire potential trends projected using a dynamically downscaled climate change scenario.,yes
523,interannual variation in biomass burning and fire seasonality derived from geostationary satellite data across the contiguous united states from 1995 to 2011.,yes
525,amphibians in the climate vise: loss and restoration of resilience of montane wetland ecosystems in the western us.,yes
526,predicting thermal vulnerability of stream and river ecosystems to climate change.,yes
529,unpacking the 'information barrier': comparing perspectives on information as a barrier to climate change adaptation in the interior mountain west.,yes
530,"warming, competition, and <i xmlns=""http://www.w3.org/1999/xhtml"">bromus tectorum</i> population growth across an elevation gradient.",yes
535,a new framework for spatio-temporal climate change impact assessment for terrestrial wildlife.,yes
536,geologic and geomorphic controls on the occurrence of fens in the oregon cascades and implications for vulnerability and conservation.,yes
538,modelling the northward expansion of culicoides sonorensis under future climate scenarios.,yes
540,are high-severity fires burning at much higher rates recently than historically in dry-forest landscapes of the western usa?,yes
543,nutritional analysis of sagebrush by near-infrared reflectance spectroscopy.,yes
544,regional carbon cycle responses to 25 years of variation in climate and disturbance in the us pacific northwest.,yes
545,influences of vegetation disturbance on hydrogeomorphic response following wildfire.,yes
550,an investigation of the snowpack signal in moisture-sensitive trees from the southern canadian cordillera.,yes
551,occupancy and abundance of predator and prey: implications of the fire-cheatgrass cycle in sagebrush ecosystems.,yes
559,understanding controls on historical river discharge in the world's largest drainage basins,yes
560,transient future climate over the western united states using a regional climate model,yes
561,"long-duration drought variability and impacts on ecosystem services: a case study from glacier national park, montana",yes
565,areal extent of seasonal snow cover in a changed climate.,yes
569,pacific northwest regional assessment: the impacts of climate variability and climate change on the water resources of the columbia river basin.,yes
574,trends in temperature and precipitation in the pacific northwest during the twentieth century.,yes
584,the metagovernance of climate change: institutional adaptation to the mountain pine beetle epidemic in british columbia.,yes
588,"impact of climate change on north cascade alpine glaciers, and alpine runoff.",yes
590,learning to deal with climate change and catastrophic forest disturbances.,yes
592,downscaling hydroclimatic changes over the western us based on cam subgrid scheme and wrf regional climate simulations.,yes
593,"changes in patterns of streamflow from unregulated watersheds in idaho, western wyoming, and northern nevada.",yes
594,forest health and climate change: a british columbia perspective.,yes
596,striving for sustainability and resilience in the face of unprecedented change: the case of the mountain pine beetle outbreak in british columbia.,yes
597,"tree invasion of a montane meadow complex: temporal trends, spatial patterns, and biotic interactions.",yes
598,climatic variability regulates the occurrence and extent of large fires in the subalpine forests of the canadian rockies.,yes
599,global weirding in british columbia: climate change and the habitat of terrestrial vertebrates.,yes
606,restoring salmon habitat for a changing climate,yes
606,restoring salmon habitat for a changing climate.,yes
613,"floristic similarity, diversity and endemism as indicators of refugia characteristics and needs in the west.",yes
618,"linkages between hydrological drought, climate indices and human activities: a case study in the columbia river basin.",yes
619,relative importance of climate and mountain pine beetle outbreaks on the occurrence of large wildfires in the western usa.,yes
624,climate influences on whitebark pine mortality from mountain pine beetle in the greater yellowstone ecosystem.,yes
625,simulated water budget of a small forested watershed in the continental/maritime hydroclimatic region of the united states.,yes
626,long-term post-disturbance forest recovery in the greater yellowstone ecosystem analyzed using landsat time series stack.,yes
627,"targeted capture sequencing in whitebark pine reveals range-wide demographic and adaptive patterns despite challenges of a large, repetitive genome.",yes
628,potential influence of wildfire in modulating climate-induced forest redistribution in a central rocky mountain landscape.,yes
629,influence of climate on radial growth and cone production in subalpine fir (abieslasiocarpa) and mountain hemlock (tsugamertensiana),yes
630,"efffects of hydrology on zooplankton communities in high mountain ponds, mount rainier national park, usa",yes
632,phenology-mediated effects of climatic change on some simulated british columbia forests.,yes
634,mountain hemlock growth responds to climatic variability at annual and decadal time scales.,yes
638,hydroclimate of the western united states based on observations and regional climate simulation of 1981-2000. part ii: mesoscale enso anomalies.,yes
639,trends in snow water equivalent in the pacific northwest and their climatic causes.,yes
640,"changes in the chemistry of lakes and precipitation in high-elevation national parks in the western united states, 1985-1999.",yes
641,"postglacial fire, vegetation, and climate history in the clearwater range, northern idaho, usa",yes
641,"postglacial fire, vegetation, and climate history in the clearwater range, northern idaho, usa.",yes
642,climate precursors of multidecadal drought variability in the western united states.,yes
643,complex interactions shaping aspen dynamics in the greater yellowstone ecosystem,yes
643,complex interactions shaping aspen dynamics in the greater yellowstone ecosystem.,yes
647,climate drivers of regionally synchronous fires in the inland northwest (1651-1900).,yes
648,"long-term fire history from alluvial fan sediments: the role of drought and climate variability, and implications for management of rocky mountain forests.",yes
652,predicting effects of hydrologic alteration and climate change on ecosystem metabolism in a western u.s. river.,yes
653,are pollen-based climate models improved by combining surface samples from soil and lacustrine substrates?,yes
655,reconstructing snowmelt in idaho's watershed using historic streamflow records.,yes
656,"climatic and morphometric controls on the altitudinal range of glaciers, british columbia, canada",yes
656,"climatic and morphometric controls on the altitudinal range of glaciers, british columbia, canada.",yes
659,"relating climatic attributes and water resources allocation: a study using surface water supply and soil moisture indices in the snake river basin, idaho.",yes
660,"climate change predicted to shift wolverine distributions, connectivity, and dispersal corridors.",yes
661,small soil storage capacity limits benefit of winter snowpack to upland vegetation,yes
661,small soil storage capacity limits benefit of winter snowpack to upland vegetation.,yes
662,system dynamics to sustainable water resources management in the eastern snake plain aquifer under water supply uncertainty.,yes
663,impacts of climate change on hydrology and water resources in the boise and spokane river basins,yes
663,impacts of climate change on hydrology and water resources in the boise and spokane river basins.,yes
664,"quantifying the contribution of glacier runoff to streamflow in the upper columbia river basin, canada.",yes
665,"effects of ecohydrological variables on current and future ranges, local suitability patterns, and model accuracy in big sagebrush.",yes
666,enso anomalies over the western united states: present and future patterns in regional climate simulations,yes
666,enso anomalies over the western united states: present and future patterns in regional climate simulations.,yes
668,climate and weather influences on spatial temporal patterns of mountain pine beetle populations in washington and oregon.,yes
670,coupling snowpack and groundwater dynamics to interpret historical streamflow trends in the western united states.,yes
672,higher temperatures enhance the effects of invasive sportfish on mountain zooplankton communities,yes
672,higher temperatures enhance the effects of invasive sportfish on mountain zooplankton communities.,yes
673,interactive effects of water diversion and climate change for juvenile chinook salmon in the lemhi river basin (u.s.a.).,yes
674,woodland dynamics at the northern range periphery: a challenge for protected area management in a changing world.,yes
676,climate change impacts on maritime mountain snowpack in the oregon cascades.,yes
678,snowpack regimes of the western united states,yes
678,snowpack regimes of the western united states.,yes
679,early indicators of change: divergent climate envelopes between tree life stages imply range shifts in the western united states.,yes
680,regional projections of the likelihood of very large wildland fires under a changing climate in the contiguous western united states.,yes
681,mountain landscapes offer few opportunities for high-elevation tree species migration.,yes
684,coastal and interior douglas-fir provenances differ in growth performance and response to drought episodes at adult age,yes
684,coastal and interior douglas-fir provenances differ in growth performance and response to drought episodes at adult age.,yes
687,area burned in the western united states is unaffected by recent mountain pine beetle outbreaks,yes
687,area burned in the western united states is unaffected by recent mountain pine beetle outbreaks.,yes
688,which tree species and biome types are most vulnerable to climate change in the us northern rocky mountains?,yes
690,"hydro-meteorological drivers and sources of suspended sediment flux in the pro-glacial zone of the retreating castle creek glacier, cariboo mountains, british columbia, canada",yes
690,"hydro-meteorological drivers and sources of suspended sediment flux in the pro-glacial zone of the retreating castle creek glacier, cariboo mountains, british columbia, canada.",yes
691,projected major fire and vegetation changes in the pacific northwest of the conterminous united states under selected cmip5 climate futures.,yes
694,snow cover variability in a forest ecotone of the oregon cascades via modis terra products.,yes
695,influence of winter season climate variability on snow-precipitation ratio in the western united states.,yes
696,how will climate change affect wildland fire severity in the western us?,yes
697,area burned in alpine treeline ecotones reflects region-wide trends.,yes
700,the firework air quality forecast system with near-real-time biomass burning emissions: recent developments and evaluation of performance for the 2015 north american wildfire season.,yes
702,capturing subregional variability in regional-scale climate change vulnerability assessments of natural resources,yes
702,capturing subregional variability in regional-scale climate change vulnerability assessments of natural resources.,yes
703,mountain areas and global change: a view from the canadian rockies.,yes
709,low-frequency variability in southwestern canadian stream flow: links with large-scale climate anomalies.,yes
711,"climate, hydrologic disturbance, and succession: drivers of floodplain pattern.",yes
712,risk effects in elk: sex-specific responses in grazing and browsing due to predation risk from wolves.,yes
713,"multi-season climate synchronized historical fires in dry forests (1650-1900), northern rockies, usa.",yes
715,american kestrel reproduction in southwestern idaho: annual variation and long-term trends.,yes
720,multitemporal snow cover mapping in mountainous terrain for landsat climate data record development.,yes
721,imputing forest carbon stock estimates from inventory plots to a nationally continuous coverage.,yes
723,landscape-scale eco-evolutionary dynamics: selection by seed predators and fire determine a major reproductive strategy.,yes
724,mountain pine beetles colonizing historical and naive host trees are associated with a bacterial community highly enriched in genes contributing to terpene metabolism.,yes
725,hydrothermal assessment of temporal variability in seedbed microclimate.,yes
726,"climate, fire size, and biophysical setting control fire severity and spatial pattern in the northern cascade range, usa",yes
726,"climate, fire size, and biophysical setting control fire severity and spatial pattern in the northern cascade range, usa.",yes
728,exposure of u.s. national parks to land use and climate change 1900-2100.,yes
729,lilies at the limit: variation in plant-pollinator interactions across an elevational range.,yes
730,climate change in yellowstone national park: is the drought-related risk of wildfires increasing?,yes
731,"invasion of subalpine meadows by lodgepole pine in yellowstone national park, wyoming, usa",yes
731,"invasion of subalpine meadows by lodgepole pine in yellowstone national park, wyoming, usa.",yes
734,demography of the yellowstone grizzly bears.,yes
735,model analysis of mountain pine beetle (coleoptera: scolytidae) seasonality.,yes
738,the influence of fire interval and serotiny on postfire lodgepole pine density in yellowstone national park.,yes
744,drought effects on above- and belowground production of a grazed temperate grassland ecosystem.,yes
745,effects of grazing and soil micro-climate on decomposition rates in a spatio-temporally heterogeneous grassland.,yes
748,"songbird response to increased willow (<i xmlns=""http://www.w3.org/1999/xhtml"">salix</i> spp.) growth in yellowstone's northern range.",yes
751,quantifying the relative contributions of forest change and climatic variability to hydrology in large watersheds: a critical review of research methods,yes
752,"rural nevada and climate change: vulnerability, beliefs, and risk perception.",yes
753,"climate change perception, observation and policy support in rural nevada: a comparative analysis of native americans, non-native ranchers and farmers and mainstream america.",yes
754,spatial variability in tree regeneration after wildfire delays and dampens future bark beetle outbreaks.,yes
756,"disturbance, equilibrium, and environmental variability: what is 'natural' vegetation in a changing environment?",yes
757,"quantifying the contribution of glacier runoff to streamflow in the upper columbia river basin, canada",yes
760,human and climate impacts on columbia river hydrology and salmonids,yes
761,timing of redd construction by fall chinook salmon in the hanford reach of the columbia river,yes
762,"plant succession after hydrologic disturbance: inferences from contemporary vegetation on a chronosequence of bars, willamette river, oregon, usa",yes
763,willamette river basin surface water isoscape (��18o and ��2h): temporal changes of source water within the river,yes
771,"river connectivity and road crossing effects on floodplain vegetation of the upper columbia river, canada",yes
772,"distinguishing human and climate influences on hydrological disturbance processes in the columbia river, usa",yes
773,distinguishing human and climate influences on the columbia river: changes in mean flow and sediment transport,yes
774,"reconstructions of columbia river streamflow from tree-ring chronologies in the pacific northwest, usa",yes
775,petrophysical and geochemical properties of columbia river flood basalt: implications for carbon sequestration,yes
776,what do stakeholders need to manage for climate change and variability? a document-based analysis from three mountain states in the western usa,yes
777,evolutionary responses by native species to major anthropogenic changes to their ecosystems: pacific salmon in the columbia river hydropower system,yes
779,"stream temperature regimes and the distribution of the rocky mountain tailed frog at its northern range limit, southeastern british columbia",yes
781,climate change and extremes in the canadian columbia basin,yes
783,impact of climate change on pacific northwest hydropower,yes
784,the columbia river treaty: fifty years after the handshake,yes
789,changing streamflow on columbia basin tribal lands���climate change and salmon,yes
793,effects of climate change on hydrology and water resources in the columbia river basin,yes
795,evaluating presentation formats of local climate change in community planning with regard to process and outcomes,yes
796,pacific northwest regional assessment: the impacts of climate variability and climate change on the water resources of the columbia river basin1,yes
797,seasonal climate signals from multiple tree ring metrics: a case study ofpinus ponderosain the upper columbia river basin,yes
798,seasonal climate variability and change in the pacific northwest of the united states,yes
799,seasonal hydrologic responses to climate change in the pacific northwest,yes
801,"spatial, temporal and frequency based climate change assessment in columbia river basin using multi downscaled-scenarios",yes
802,strategic planning for instream flow restoration: a case study of potential climate change impacts in the central columbia river basin,yes
803,"watershed response to climate change and fire-burns in the upper umatilla river basin, usa",yes
805,climate change and dryland wheat systems in the us pacific northwest,yes
809,methods to assess between-system adaptations to climate change: dryland wheat systems in the pacific northwest united states,yes
810,impacts of climate change on electric power supply in the western united states,yes
811,quantifying the extent of and factors associated with the temporal variability of physical stream habitat in headwater streams in the interior columbia river basin,yes
827,"linkages between hydrological drought, climate indices and human activities: a case study in the columbia river basin",yes
828,"projected climate change impacts on forest land cover and land use over the willamette river basin, oregon, usa",yes
829,projections of 21st century climate of the columbia river basin,yes
830,reductions in instream wood in streams near roads in the interior columbia river basin,yes
833,the effects of increased stream temperatures on juvenile steelhead growth in the yakima river basin based on projected climate change scenarios,yes
